{"_wandb":{"runtime":14},"train_loss":3.78125,"_timestamp":1.730063953205873e+09,"_runtime":13.469856,"_step":0}