{"_step":4,"_wandb":{"runtime":8},"lambda_factor":1,"accuracy":0.394,"_timestamp":1.7280155599836051e+09,"_runtime":8.5851495}