{"accuracy":0.1238,"_timestamp":1.728005632558764e+09,"_runtime":8.0439787,"_step":4,"_wandb":{"runtime":8},"lambda":1}