{"accuracy":0.1238,"_timestamp":1.7280065751510947e+09,"_runtime":10.7950223,"_step":4,"_wandb":{"runtime":10},"lambda":1}