{"train/loss": 0.5964, "train/grad_norm": 12.181392669677734, "train/learning_rate": 6.20834794808839e-06, "train/epoch": 1.0, "train/global_step": 2851, "_timestamp": 1726967471.313306, "_runtime": 10628.463654994965, "_step": 9, "eval/loss": 0.6495065093040466, "eval/accuracy": 0.7070986649299902, "eval/f1": 0.7053153235854077, "eval/runtime": 70.1328, "eval/samples_per_second": 175.153, "eval/steps_per_second": 21.901, "train_runtime": 10550.3869, "train_samples_per_second": 4.324, "train_steps_per_second": 0.27, "total_flos": 1.200191854966272e+16, "train_loss": 0.6655968030851291, "training_time_seconds": 10551.355945110321, "test_accuracy": 0.7070986649299902, "test_f1_score": 0.7053153235854077, "test_loss": 0.6495065093040466, "_wandb": {"runtime": 10627}}