{"train/loss": 0.626, "train/grad_norm": 4.161529064178467, "train/learning_rate": 6.20834794808839e-06, "train/epoch": 1.0, "train/global_step": 2851, "_timestamp": 1726955227.9398282, "_runtime": 874.8704290390015, "_step": 9, "eval/loss": 0.6654565930366516, "eval/accuracy": 0.6994464343861935, "eval/f1": 0.6985692051463718, "eval/runtime": 93.8932, "eval/samples_per_second": 130.829, "eval/steps_per_second": 16.359, "train_runtime": 766.8785, "train_samples_per_second": 59.481, "train_steps_per_second": 3.718, "total_flos": 1.21263268658688e+16, "train_loss": 0.6833508778187067, "training_time_seconds": 767.6501216888428, "test_accuracy": 0.6994464343861935, "test_f1_score": 0.6985692051463718, "test_loss": 0.6654565930366516, "_wandb": {"runtime": 874}}