{"_runtime":465.8455923,"other_time":-31289.581134080887,"val_acc":0.5696887373924255,"final_test_loss":0.9827480803449237,"final_test_acc":0.7225980758666992,"_step":1871,"data_loading_time":31566.99278664589,"forward_time":8.791177749633789,"total_time":447.9260997772217,"_timestamp":1.7298014221077163e+09,"final_test_loss_step":0.01717735268175602,"train_loss":0.1945478916168213,"learning_rate":0.001,"_wandb":{"runtime":465},"final_test_accuracy":0.7225980758666992,"eval_time":143.1620695590973,"epoch":10,"backward_time":18.56119990348816}