{"_runtime":118.1421333,"_step":639,"val_acc":0.5466846823692322,"learning_rate":0.001,"epoch":3,"_wandb":{"runtime":118},"train_loss":0.34228515625,"_timestamp":1.7300642218857768e+09}