{"train_loss":1.779296875,"_timestamp":1.730064026710619e+09,"_wandb":{"runtime":18},"_runtime":17.2131096,"_step":72}