{"accuracy":0.394,"_timestamp":1.7280041995743852e+09,"_runtime":11.7526562,"_step":4,"_wandb":{"runtime":11},"lambda":1}