{"rotation_angle":240,"accuracy":0.1334,"_timestamp":1.7280190515502467e+09,"_runtime":10.3141322,"_step":4,"_wandb":{"runtime":10}}