{"_wandb":{"runtime":8},"accuracy":0.1238,"_timestamp":1.7280050802945404e+09,"_runtime":8.932276,"_step":4,"lambda":1}