{"train/loss": 0.6257, "train/grad_norm": 6.042101860046387, "train/learning_rate": 6.190810242020344e-06, "train/epoch": 1.0, "train/global_step": 2851, "_timestamp": 1726954108.3288133, "_runtime": 850.5339434146881, "_step": 9, "eval/loss": 0.6618281006813049, "eval/accuracy": 0.7022142624552263, "eval/f1": 0.7008839602686895, "eval/runtime": 73.867, "eval/samples_per_second": 166.299, "eval/steps_per_second": 20.794, "train_runtime": 759.2815, "train_samples_per_second": 60.077, "train_steps_per_second": 3.755, "total_flos": 1.21263268658688e+16, "train_loss": 0.6834217875683697, "training_time_seconds": 760.0555758476257, "test_accuracy": 0.7022142624552263, "test_f1_score": 0.7008839602686895, "test_loss": 0.6618281006813049, "_wandb": {"runtime": 849}}