{"train/loss": 1.0128, "train/grad_norm": 4.377278804779053, "train/learning_rate": 6.190810242020344e-06, "train/epoch": 1.0, "train/global_step": 2851, "_timestamp": 1726968508.6475673, "_runtime": 946.2247521877289, "_step": 9, "eval/loss": 1.1879768371582031, "eval/accuracy": 0.4833116248778899, "eval/f1": 0.3149575892541609, "eval/runtime": 69.703, "eval/samples_per_second": 176.233, "eval/steps_per_second": 22.036, "train_runtime": 869.4686, "train_samples_per_second": 52.463, "train_steps_per_second": 3.279, "total_flos": 1.200191854966272e+16, "train_loss": 1.020414129636531, "training_time_seconds": 870.399866104126, "test_accuracy": 0.4833116248778899, "test_f1_score": 0.3149575892541609, "test_loss": 1.1879768371582031, "_wandb": {"runtime": 945}}