{"_step":4,"_wandb":{"runtime":10},"lambda":1,"accuracy":0.394,"_timestamp":1.7280040660418684e+09,"_runtime":10.3519823}