{"_wandb":{"runtime":10},"lambda":1,"accuracy":0.394,"_timestamp":1.7280040465556433e+09,"_runtime":10.451855,"_step":4}