{"forward_time":5.810176372528076,"final_test_loss":1.194798384854855,"val_acc":0.6847090125083923,"backward_time":11.703585624694824,"epoch":5,"_wandb":{"runtime":258},"other_time":66.83860373497009,"data_loading_time":73.75761198997498,"final_test_acc":0.6806495189666748,"_runtime":258.0571131,"_step":936,"total_time":239.81065607070923,"final_test_loss_step":1.9358705282211304,"_timestamp":1.7300598051297615e+09,"final_test_accuracy":0.6806495189666748,"learning_rate":0.001,"eval_time":81.70067834854126,"train_loss":0.21121151745319366}