{"_wandb":{"runtime":7},"lambda_factor":1,"accuracy":0.1234,"_timestamp":1.7280154606455762e+09,"_runtime":7.6621269,"_step":4}