{"train_loss_step": 1.0667643547058105, "_timestamp": 1729444080.5951803, "_runtime": 1010.1991922855377, "_step": 1080, "epoch": 19, "train_loss": 0.7745349092303582, "val_accuracy": 0.43816489361702127, "val_loss": 1.7993525013010552, "test_accuracy": 0.4104960460100647, "test_loss": 1.8432199622468928, "_wandb": {"runtime": 1009}}