{"_step":5,"_wandb":{"runtime":12},"rotation_angle":300,"accuracy":0.1784,"_timestamp":1.7280191233728414e+09,"_runtime":12.0346873}