{"train_loss_step": 0.8961538672447205, "_timestamp": 1729407991.660853, "_runtime": 904.0752890110016, "_step": 970, "epoch": 16, "train_loss": 0.8587288496629247, "val_accuracy": 0.4348404255319149, "val_loss": 1.7582569223769167}