{"accuracy":0.394,"_timestamp":1.7280036372241066e+09,"_runtime":10.6346449,"_step":4,"_wandb":{"runtime":10},"lambda":1}