{"_step":4,"lambda":1,"accuracy":0.3958,"_timestamp":1.7280015105503829e+09,"_runtime":488.7125757,"_wandb":{"runtime":488}}