{"lambda_factor":1,"accuracy":0.394,"_timestamp":1.7280177463949022e+09,"_runtime":10.1758477,"_step":4,"_wandb":{"runtime":10}}