{"train/loss": 0.9033, "train/grad_norm": 1.9439074993133545, "train/learning_rate": 6.173272535952298e-06, "train/epoch": 1.0, "train/global_step": 2851, "_timestamp": 1726976047.862139, "_runtime": 71.64924907684326, "_step": 9, "eval/loss": 0.949948251247406, "eval/accuracy": 0.52979485509606, "eval/f1": 0.42740826974910245, "eval/runtime": 15.2094, "eval/samples_per_second": 807.66, "eval/steps_per_second": 100.99, "train_runtime": 46.0862, "train_samples_per_second": 989.776, "train_steps_per_second": 61.862, "total_flos": 59116168063260.0, "train_loss": 0.9570013853760194, "training_time_seconds": 47.640077114105225, "test_accuracy": 0.52979485509606, "test_f1_score": 0.42740826974910245, "test_loss": 0.949948251247406, "_wandb": {"runtime": 71}}