{"train/loss": 0.6592, "train/grad_norm": 8.55386734008789, "train/learning_rate": 6.20834794808839e-06, "train/epoch": 1.0, "train/global_step": 2851, "_timestamp": 1726975715.4901543, "_runtime": 63.556695222854614, "_step": 9, "eval/loss": 0.7155770659446716, "eval/accuracy": 0.6733962878541192, "eval/f1": 0.6735894304106003, "eval/runtime": 6.0915, "eval/samples_per_second": 2016.581, "eval/steps_per_second": 252.155, "train_runtime": 48.4175, "train_samples_per_second": 942.117, "train_steps_per_second": 58.884, "total_flos": 58603010151510.0, "train_loss": 0.7126777673010155, "training_time_seconds": 49.356565952301025, "test_accuracy": 0.6733962878541192, "test_f1_score": 0.6735894304106003, "test_loss": 0.7155770659446716, "_wandb": {"runtime": 63}}