{"train/loss": 0.835, "train/grad_norm": 18.294511795043945, "train/learning_rate": 4.130129779024904e-05, "train/epoch": 0.175377060680463, "train/global_step": 500, "_timestamp": 1726955681.826703, "_runtime": 241.1430401802063, "_step": 0, "_wandb": {"runtime": 372}}