{"train/loss": 0.5902, "train/grad_norm": 8.517327308654785, "train/learning_rate": 6.225885654156437e-06, "train/epoch": 1.0, "train/global_step": 2851, "_timestamp": 1726894094.9842725, "_runtime": 1039.2026665210724, "_step": 10, "eval/loss": 0.6538134217262268, "eval/accuracy": 0.7061217844350375, "eval/f1": 0.7045288472743055, "eval/runtime": 71.6883, "eval/samples_per_second": 171.353, "eval/steps_per_second": 21.426, "train_runtime": 960.5122, "train_samples_per_second": 47.49, "train_steps_per_second": 2.968, "total_flos": 1.200191854966272e+16, "train_loss": 0.667673839514233, "training_time_seconds": 961.4783279895782, "GPU_memory_usage_GB": 1.4198565483093262, "test_accuracy": 0.7061217844350375, "test_f1_score": 0.7045288472743055, "test_loss": 0.6538134217262268, "_wandb": {"runtime": 1038}}