{"final_test_loss_step":3.653341054916382,"forward_time":1.2998740673065186,"backward_time":2.6375718116760254,"final_test_acc":0.5791609883308411,"train_loss":0.7025427222251892,"final_test_loss":1.3860624359166993,"_step":188,"total_time":44.23516535758972,"data_loading_time":14.939054012298584,"final_test_accuracy":0.5791609883308411,"eval_time":15.471763610839844,"_wandb":{"runtime":60},"val_acc":0.5575101375579834,"learning_rate":0.001,"epoch":1,"_timestamp":1.7300119394079492e+09,"other_time":9.88690185546875,"_runtime":60.3190567}