{"train/loss": 0.5952, "train/grad_norm": 8.168051719665527, "train/learning_rate": 6.225885654156437e-06, "train/epoch": 1.0, "train/global_step": 2851, "_timestamp": 1726896323.4449472, "_runtime": 955.4000153541565, "_step": 9, "eval/loss": 0.6571899652481079, "eval/accuracy": 0.6994464343861935, "eval/f1": 0.6969509790784771, "eval/runtime": 72.7703, "eval/samples_per_second": 168.805, "eval/steps_per_second": 21.108, "train_runtime": 874.8584, "train_samples_per_second": 52.14, "train_steps_per_second": 3.259, "total_flos": 1.200191854966272e+16, "train_loss": 0.6635570332110032, "training_time_seconds": 875.7359857559204, "test_accuracy": 0.6994464343861935, "test_f1_score": 0.6969509790784771, "test_loss": 0.6571899652481079, "_wandb": {"runtime": 954}}