{"_wandb":{"runtime":173},"_runtime":104.6050932,"_step":0,"lambda":0.2,"accuracy":0.3958,"_timestamp":1.7280033716004066e+09}